{"Iteration": 0, "Steps": 1019999, "Epsilon": 0.050000000000000044, "Episodes": 8, "AverageReturn": -16.875, "AverageDiscountedReturn": -0.77673701287995, "TDError^2": 0.0069596897810697556}
{"Iteration": 1, "Steps": 1029999, "Epsilon": 0.050000000000000044, "Episodes": 12, "AverageReturn": -16.9, "AverageDiscountedReturn": -0.6550224970942884, "TDError^2": 0.009270062670111656}
{"Iteration": 2, "Steps": 1039999, "Epsilon": 0.050000000000000044, "Episodes": 15, "AverageReturn": -15.9, "AverageDiscountedReturn": -0.38588755348812215, "TDError^2": 0.007565246894955635}
{"Iteration": 3, "Steps": 1049999, "Epsilon": 0.050000000000000044, "Episodes": 19, "AverageReturn": -15.7, "AverageDiscountedReturn": -0.31685633540288316, "TDError^2": 0.004350787028670311}
{"Iteration": 4, "Steps": 1059999, "Epsilon": 0.050000000000000044, "Episodes": 22, "AverageReturn": -16.4, "AverageDiscountedReturn": -0.3422410554501913, "TDError^2": 0.0063789295963943005}
{"Iteration": 5, "Steps": 1069999, "Epsilon": 0.050000000000000044, "Episodes": 26, "AverageReturn": -17.2, "AverageDiscountedReturn": -0.614443407272838, "TDError^2": 0.007655334658920765}
{"Iteration": 6, "Steps": 1079999, "Epsilon": 0.050000000000000044, "Episodes": 31, "AverageReturn": -18.6, "AverageDiscountedReturn": -0.7628511460517091, "TDError^2": 0.006851055193692446}
{"Iteration": 7, "Steps": 1089999, "Epsilon": 0.050000000000000044, "Episodes": 34, "AverageReturn": -18.1, "AverageDiscountedReturn": -0.6799331157609467, "TDError^2": 0.004151038359850645}
{"Iteration": 8, "Steps": 1099999, "Epsilon": 0.050000000000000044, "Episodes": 39, "AverageReturn": -17.4, "AverageDiscountedReturn": -0.5872982835630826, "TDError^2": 0.006021674256771803}
{"Iteration": 9, "Steps": 1109999, "Epsilon": 0.050000000000000044, "Episodes": 43, "AverageReturn": -17.1, "AverageDiscountedReturn": -0.47189743731944567, "TDError^2": 0.005996324587613344}
{"Iteration": 10, "Steps": 1119999, "Epsilon": 0.050000000000000044, "Episodes": 47, "AverageReturn": -17.4, "AverageDiscountedReturn": -0.483936871592167, "TDError^2": 0.004985894542187452}
{"Iteration": 11, "Steps": 1129999, "Epsilon": 0.050000000000000044, "Episodes": 51, "AverageReturn": -17.0, "AverageDiscountedReturn": -0.3348148060347043, "TDError^2": 0.007906395941972733}
{"Iteration": 12, "Steps": 1139999, "Epsilon": 0.050000000000000044, "Episodes": 55, "AverageReturn": -16.3, "AverageDiscountedReturn": -0.21020948427550867, "TDError^2": 0.0038582629058510065}
{"Iteration": 13, "Steps": 1149999, "Epsilon": 0.050000000000000044, "Episodes": 58, "AverageReturn": -15.8, "AverageDiscountedReturn": -0.1690775550447874, "TDError^2": 0.006985991727560759}
{"Iteration": 14, "Steps": 1159999, "Epsilon": 0.050000000000000044, "Episodes": 61, "AverageReturn": -15.5, "AverageDiscountedReturn": -0.3015975118889396, "TDError^2": 0.005106829572468996}
{"Iteration": 15, "Steps": 1169999, "Epsilon": 0.050000000000000044, "Episodes": 64, "AverageReturn": -15.1, "AverageDiscountedReturn": -0.4658553700861224, "TDError^2": 0.009813403710722923}
{"Iteration": 16, "Steps": 1179999, "Epsilon": 0.050000000000000044, "Episodes": 67, "AverageReturn": -15.3, "AverageDiscountedReturn": -0.4441748949774351, "TDError^2": 0.006466000806540251}
{"Iteration": 17, "Steps": 1189999, "Epsilon": 0.050000000000000044, "Episodes": 70, "AverageReturn": -14.9, "AverageDiscountedReturn": -0.4299341268351742, "TDError^2": 0.005373724270612001}
